Id,Location Id,First Name,Last Name,Age,Profession
1,1,Ramesh,Rao,45,Business
2,1,Sita,Reddy,34,Home maker
3,1,Arjun,Kumar,22,Student
4,1,Lakshmi,Naidu,50,Service
5,1,Rajesh,Nair,48,Business
6,1,Anjali,Deshmukh,25,Student
7,1,Kiran,Rao,33,Service
8,1,Sunita,Reddy,42,Home maker
9,1,Venkatesh,Iyer,58,Retired
10,1,Sunita,Acharya,66,Retired
11,1,Manish,Bhat,43,Service
12,1,Pooja,Kamath,32,Business
13,1,Rakesh,Prabhu,57,Retired
14,1,Sneha,Nambiar,24,Student
15,1,Anil,Murthy,49,Service
16,1,Meena,Iyengar,33,Home maker
17,1,Arjun,Shekar,29,Business
18,1,Shweta,Nair,23,Student
19,1,Mohan,Reddy,60,Retired
20,1,Ritu,Menon,37,Service
21,1,Rajesh,Nair,45,Business
22,1,Priya,Menon,34,Service
23,1,Anjali,Rao,28,Home maker
24,1,Karan,Shetty,23,Student
25,1,Vijay,Prasad,62,Retired
26,1,Meera,Pai,37,Service
27,1,Sanjay,Shenoy,48,Business
28,1,Poonam,Acharya,29,Home maker
28,1,Poonam,Acharya,29,Home maker
29,1,Rahul,Bhat,20,Student
30,1,Anil,Kamath,65,Retired
31,1,Kavita,Prabhu,41,Service
32,1,Arjun,Nambiar,33,Business
33,1,Suman,Murthy,56,Retired
34,1,Neha,Iyengar,25,Student
35,1,Rajesh,Shekar,47,Service
36,1,Sunita,Nair,31,Home maker
37,1,Vikram,Reddy,39,Business
38,1,Priya,Menon,22,Student
39,1,Mohan,Rao,59,Retired
40,1,Anjali,Shetty,35,Service
41,1,Ramesh,Subramani,46,Business
42,1,Sneha,Iyer,31,Service
43,1,Anjali,Natarajan,27,Home maker
44,1,Rohit,Reddy,22,Student
45,1,Suresh,Krishnan,63,Retired
46,1,Kavita,Menon,39,Service
47,1,Amit,Nair,51,Business
48,1,Neha,Pillai,28,Home maker
49,1,Vikram,Kumar,21,Student
50,1,Sunita,Rao,66,Retired
51,1,Manish,Prasad,43,Service
52,1,Pooja,Bhat,32,Business
52,1,Pooja,Bhat,32,Business
53,1,Rakesh,Hegde,57,Retired
54,1,Sneha,Kamath,24,Student
55,1,Anil,Murthy,49,Service
56,1,Meena,Acharya,33,Home maker
57,1,Arjun,Shekar,29,Business
58,1,Shweta,Nambiar,23,Student
59,1,Mohan,Iyengar,60,Retired
60,1,Ritu,Shenoy,37,Service
61,1,Ramesh,Subramani,46,Business
62,1,Sneha,Iyer,31,Service
63,1,Anjali,Natarajan,27,Home maker
64,1,Rohit,Reddy,22,Student
65,1,Suresh,Krishnan,63,Retired
66,1,Kavita,Menon,39,Service
67,1,Amit,Nair,51,Business
68,1,Neha,Pillai,28,Home maker
69,1,Vikram,Kumar,21,Student
70,1,Sunita,Rao,66,Retired
71,1,Manish,Prasad,43,Service
72,1,Pooja,Bhat,32,Business
73,2,Rakesh,Hegde,57,Retired
74,2,Sneha,Kamath,24,Student
75,2,Anil,Murthy,49,Service
76,2,Meena,Acharya,33,Home maker
77,2,Arjun,Shekar,29,Business
78,2,Shweta,Nambiar,23,Student
79,2,Mohan,Iyengar,60,Retired
80,2,Ritu,Shenoy,37,Service
81,2,Rajesh,Verma,45,Business
82,2,Priya,Sharma,34,Service
83,2,Rohit,Naidu,23,Student
84,2,Lakshmi,Sharma,54,Service
85,2,Ramesh,Reddy,51,Business
86,2,Anjali,Naidu,25,Student
87,2,Neha,Rao,32,Service
88,2,Ramesh,Rao,45,Business
89,2,Sita,Reddy,34,Home maker
90,2,Arjun,Kumar,22,Student
91,2,Lakshmi,Naidu,50,Service
92,2,Rajesh,Nair,48,Business
93,2,Anjali,Deshmukh,25,Student
94,2,Kiran,Rao,33,Service
95,2,Sunita,Reddy,42,Home maker
96,2,Venkatesh,Iyer,58,Retired
97,2,Sai,Prakash,39,Business
98,2,Priyamani,Shivamani,22,Student
99,2,Mohan,Thakur,59,Retired
100,2,Anjali,Subramani,35,Service
101,2,Anjali,Gupta,28,Home maker
102,2,Karan,Sahu,23,Student
103,2,Vijay,Patel,62,Retired
104,2,Meera,Yadav,37,Service
105,2,Sanjay,Thakur,48,Business
106,2,Ramesh,Shetty,46,Business
107,2,Sneha,Rao,31,Service
108,2,Anjali,Pai,27,Home maker
109,2,Rohit,Kamath,22,Student
110,2,Suresh,Shenoy,63,Retired
111,2,Kavita,Bhat,39,Service
112,2,Amit,Prabhu,51,Business
113,2,Neha,Nayak,28,Home maker
114,2,Vikram,Hegde,21,Student
115,2,Sunita,Acharya,66,Retired
116,2,Manish,Kini,43,Service
117,2,Pooja,Shenoy,32,Business
118,2,Rakesh,Kamath,57,Retired
119,2,Sneha,Pai,24,Student
120,2,Anil,Shetty,49,Service
121,2,Meena,Rao,33,Home maker
122,2,Arjun,Nayak,29,Business
123,2,Shweta,Prabhu,23,Student
124,2,Mohan,Hegde,60,Retired
125,2,Ritu,Bhat,37,Service
126,2,Ramesh,Gowda,46,Business
127,2,Sneha,Rao,31,Service
128,2,Anjali,Shetty,27,Home maker
129,2,Rohit,Naidu,22,Student
130,2,Suresh,Murthy,63,Retired
131,2,Kavita,Prasad,39,Service
132,2,Amit,Nair,51,Business
133,2,Neha,Pai,28,Home maker
134,2,Vikram,Shenoy,21,Student
135,2,Sunita,Iyer,66,Retired
136,2,Manish,Prabhu,43,Service
137,2,Pooja,Bhat,32,Business
138,2,Rakesh,Hegde,57,Retired
139,2,Sneha,Kamath,24,Student
140,2,Anil,Murthy,49,Service
141,2,Meena,Acharya,33,Home maker
141,2,Meena,Acharya,33,Home maker
142,2,Arjun,Shekar,29,Business
143,2,Shweta,Nambiar,23,Student
144,2,Mohan,Iyengar,60,Retired
145,2,Ritu,Shenoy,37,Service
146,2,Kavita,Shetty,39,Service
147,3,Shantanu,Mahapatra,65,Retired
148,3,Prabhas,Duggal,42,Service
149,3,Parineeti,Kapoor,30,Business
150,3,Priyanka,Joshi,55,Retired
151,3,Lalita,Patel,24,Student
152,3,Deepak,Chowdhary,48,Service
153,3,Shivan,Kumar,32,Home maker
154,3,Md Syed,Ahmed,27,Business
155,3,Babita,Devi,22,Student
156,3,Faizal,Ahmed,58,Retired
157,3,Ritu,Kumari,36,Service
158,3,Rajesh,Malik,45,Business
159,3,Suman,Chawla,33,Service
160,3,Anjali,Bansal,29,Home maker
161,3,Rohan,Dahiya,23,Student
162,3,Mohan,Saini,62,Retired
163,3,Kavita,Hooda,37,Service
164,3,Amit,Ahlawat,48,Business
165,3,Neha,Kundu,27,Home maker
166,3,Vikram,Sangwan,21,Student
167,3,Sunita,Dhillon,64,Retired
168,3,Manish,Bhardwaj,41,Service
169,3,Pooja,Tanwar,32,Business
170,3,Rakesh,Jakhar,56,Retired
171,3,Sneha,Mann,24,Student
172,3,Anil,Sheoran,47,Service
173,3,Meena,Dagar,31,Home maker
174,3,Arjun,Phogat,28,Business
175,3,Shweta,Nain,22,Student
176,3,Mohan,Dhankar,59,Retired
177,3,Ritu,Khatri,35,Service
178,3,Deepak,Rana,44,Business
179,3,Rina,Sehrawat,30,Service
180,3,Anjali,Dhanda,28,Home maker
181,3,Karan,Dabas,22,Student
182,3,Vijay,Kadian,61,Retired
183,3,Meera,Poonia,36,Service
184,3,Sanjay,Dalal,49,Business
185,3,Poonam,Rathi,29,Home maker
186,3,Rahul,Balhara,20,Student
187,3,Anil,Nehra,65,Retired
187,3,Anil,Nehra,65,Retired
188,3,Kavita,Dahiya,40,Service
189,3,Arjun,Sangwan,34,Business
190,3,Suman,Dhankar,55,Retired
191,3,Neha,Khatri,25,Student
192,3,Rajesh,Mann,47,Service
193,3,Sunita,Sheoran,31,Home maker
194,3,Vikram,Dagar,39,Business
195,3,Priya,Phogat,21,Student
196,3,Mohan,Nain,58,Retired
197,3,Anjali,Tanwar,35,Service
198,3,Ramesh,Patil,46,Business
199,3,Sneha,Deshmukh,31,Service
200,3,Anjali,Naik,27,Home maker
201,3,Rohit,Sawant,22,Student
202,3,Suresh,Jadhav,63,Retired
203,3,Kavita,Shinde,39,Service
204,3,Amit,Pawar,51,Business
205,3,Neha,Gaikwad,28,Home maker
206,3,Vikram,Kadam,21,Student
207,3,Sunita,Rane,66,Retired
208,3,Manish,More,43,Service
209,3,Pooja,Chavan,32,Business
210,3,Rakesh,Salvi,57,Retired
211,3,Sneha,Patkar,24,Student
212,3,Anil,Gawde,49,Service
213,3,Meena,Koli,33,Home maker
214,3,Arjun,Bhosale,29,Business
215,3,Shweta,Mahale,23,Student
216,3,Mohan,Thakur,60,Retired
217,3,Ritu,Pawar,37,Service
218,3,Rajesh,Patkar,45,Business
219,3,Priya,Salvi,34,Service
220,4,Anjali,Gawde,28,Home maker
221,4,Karan,Koli,23,Student
222,4,Vijay,Bhosale,62,Retired
223,4,Meera,Mahale,37,Service
224,4,Sanjay,Thakur,48,Business
225,4,Poonam,Pawar,29,Home maker
226,4,Rahul,Patil,20,Student
227,4,Anil,Deshmukh,65,Retired
228,4,Kavita,Naik,41,Service
229,4,Arjun,Sawant,33,Business
230,4,Suman,Jadhav,56,Retired
231,4,Neha,Shinde,25,Student
232,4,Rajesh,Pawar,47,Service
233,4,Sunita,Gaikwad,31,Home maker
234,4,Vikram,Kadam,39,Business
235,4,Priya,Rane,22,Student
236,4,Mohan,More,59,Retired
237,4,Anjali,Chavan,35,Service
238,4,Ramesh,Kulkarni,46,Business
239,4,Sneha,Deshpande,31,Service
240,4,Anjali,Joshi,27,Home maker
241,4,Rohit,Patil,22,Student
242,4,Suresh,Shinde,63,Retired
243,4,Kavita,Gokhale,39,Service
244,4,Amit,Pawar,51,Business
245,4,Neha,Deshmukh,28,Home maker
246,4,Vikram,Jadhav,21,Student
247,4,Sunita,Rane,66,Retired
248,4,Manish,More,43,Service
249,4,Pooja,Chavan,32,Business
250,4,Rakesh,Salvi,57,Retired
251,4,Sneha,Patkar,24,Student
252,4,Anil,Gawde,49,Service
253,4,Meena,Koli,33,Home maker
254,4,Arjun,Bhosale,29,Business
255,4,Shweta,Mahale,23,Student
256,4,Mohan,Thakur,60,Retired
257,4,Ritu,Pawar,37,Service
258,4,Rajesh,Patil,45,Business
259,4,Priya,Deshmukh,34,Service
260,4,Anjali,Naik,28,Home maker
261,4,Karan,Sawant,23,Student
262,4,Vijay,Jadhav,62,Retired
263,4,Meera,Shinde,37,Service
264,4,Sanjay,Pawar,48,Business
265,4,Poonam,Gaikwad,29,Home maker
266,4,Rahul,Kadam,20,Student
267,4,Anil,Rane,65,Retired
268,4,Kavita,More,41,Service
269,4,Arjun,Chavan,33,Business
270,4,Suman,Salvi,56,Retired
271,4,Neha,Patkar,25,Student
272,4,Rajesh,Gawde,47,Service
273,4,Sunita,Koli,31,Home maker
274,4,Vikram,Bhosale,39,Business
275,4,Priya,Mahale,22,Student
276,4,Mohan,Thakur,59,Retired
277,4,Anjali,Pawar,35,Service
278,4,Ramesh,Deshmukh,47,Business
279,4,Sneha,Patil,32,Service
280,4,Anjali,Jadhav,28,Home maker
281,4,Rohit,Shinde,23,Student
282,4,Suresh,Pawar,64,Retired
283,4,Kavita,Gaikwad,38,Service
284,4,Amit,Kadam,52,Business
285,4,Neha,Rane,29,Home maker
286,4,Vikram,More,21,Student
287,4,Sunita,Chavan,67,Retired
288,4,Manish,Salvi,44,Service
289,4,Pooja,Patkar,33,Business
290,4,Rakesh,Gawde,58,Retired
291,4,Sneha,Koli,25,Student
292,4,Anil,Bhosale,50,Service
293,4,Meena,Mahale,34,Home maker
294,5,Sunita,Dubey,66,Retired
295,5,Manish,Soni,43,Service
296,5,Pooja,Agrawal,32,Business
297,5,Rakesh,Pandey,57,Retired
298,5,Sneha,Mishra,24,Student
299,5,Anil,Singh,49,Service
300,5,Meena,Jain,33,Home maker
301,5,Arjun,Choudhary,29,Business
302,5,Shweta,Rathore,23,Student
303,5,Mohan,Joshi,60,Retired
304,5,Ritu,Shukla,37,Service
305,5,Rajesh,Verma,45,Business
306,5,Priya,Sharma,34,Service
307,5,Anjali,Gupta,28,Home maker
308,5,Karan,Sahu,23,Student
309,5,Vijay,Patel,62,Retired
310,5,Meera,Yadav,37,Service
311,5,Sanjay,Thakur,48,Business
312,5,Poonam,Jaiswal,29,Home maker
313,5,Rahul,Tiwari,20,Student
314,5,Anil,Dubey,65,Retired
315,5,Kavita,Soni,41,Service
316,5,Arjun,Agrawal,33,Business
317,5,Suman,Pandey,56,Retired
318,5,Neha,Mishra,25,Student
319,5,Rajesh,Singh,47,Service
320,5,Sunita,Jain,31,Home maker
321,5,Vikram,Choudhary,39,Business
322,5,Priya,Rathore,22,Student
323,5,Mohan,Joshi,59,Retired
324,5,Anjali,Shukla,35,Service
325,5,Ramesh,Verma,46,Business
326,5,Sneha,Sharma,31,Service
327,5,Anjali,Gupta,27,Home maker
328,5,Rohit,Sahu,22,Student
329,5,Suresh,Patel,63,Retired
330,5,Kavita,Yadav,39,Service
331,5,Amit,Thakur,51,Business
332,5,Neha,Jaiswal,28,Home maker
333,5,Vikram,Tiwari,21,Student
334,5,Sunita,Dubey,66,Retired
335,5,Manish,Soni,43,Service
336,5,Pooja,Agrawal,32,Business
337,5,Rakesh,Pandey,57,Retired
338,5,Sneha,Mishra,24,Student
339,5,Anil,Singh,49,Service
340,5,Meena,Jain,33,Home maker
341,5,Arjun,Choudhary,29,Business
342,5,Shweta,Rathore,23,Student
343,5,Mohan,Joshi,60,Retired
344,5,Ritu,Shukla,37,Service
345,5,Rajesh,Verma,45,Business
346,5,Priya,Sharma,34,Service
347,5,Anjali,Gupta,28,Home maker
348,5,Karan,Sahu,23,Student
349,5,Vijay,Patel,62,Retired
350,5,Meera,Yadav,37,Service
351,5,Sanjay,Thakur,48,Business
352,5,Poonam,Jaiswal,29,Home maker
353,5,Rahul,Tiwari,20,Student
354,5,Anil,Dubey,65,Retired
355,5,Kavita,Soni,41,Service
356,5,Arjun,Agrawal,33,Business
357,5,Suman,Pandey,56,Retired
358,5,Neha,Mishra,25,Student
359,5,Rajesh,Singh,47,Service
360,5,Sunita,Jain,31,Home maker
361,5,Vikram,Choudhary,39,Business
362,5,Priya,Rathore,22,Student
363,5,Mohan,Joshi,59,Retired
364,5,Anjali,Shukla,35,Service
365,5,Rajesh,Sharma,45,Business
366,5,Priya,Verma,34,Service
367,6,Anjali,Gupta,28,Home maker
368,6,Karan,Singh,23,Student
369,6,Vijay,Mehta,62,Retired
370,6,Meera,Yadav,37,Service
371,6,Sanjay,Thakur,48,Business
372,6,Poonam,Jain,29,Home maker
373,6,Rahul,Tiwari,20,Student
374,6,Anil,Dubey,65,Retired
375,6,Kavita,Soni,41,Service
376,6,Arjun,Agrawal,33,Business
377,6,Suman,Pandey,56,Retired
378,6,Neha,Mishra,25,Student
379,6,Rajesh,Singh,47,Service
380,6,Sunita,Jain,31,Home maker
381,6,Vikram,Choudhary,39,Business
382,6,Priya,Rathore,22,Student
383,6,Mohan,Joshi,59,Retired
384,6,Anjali,Shukla,35,Service
385,6,Ramesh,Sharma,46,Business
386,6,Sneha,Verma,31,Service
387,6,Anjali,Gupta,27,Home maker
388,6,Rohit,Singh,22,Student
389,6,Suresh,Mehta,63,Retired
390,6,Kavita,Yadav,39,Service
391,6,Amit,Thakur,51,Business
392,6,Neha,Jain,28,Home maker
393,6,Vikram,Tiwari,21,Student
394,6,Sunita,Dubey,66,Retired
395,6,Manish,Soni,43,Service
396,6,Pooja,Agrawal,32,Business
397,6,Rakesh,Pandey,57,Retired
398,6,Sneha,Mishra,24,Student
399,6,Anil,Singh,49,Service
400,6,Anil,Sharma,28,Service
401,6,Pooja,Verma,32,Business
402,6,Rakesh,Gupta,50,Retired
403,6,Suman,Singh,22,Student
404,6,Kavita,Yadav,36,Home maker
405,6,Rajesh,Mishra,45,Service
406,6,Neha,Tiwari,29,Business
407,6,Amit,Saxena,40,Retired
408,6,Sunita,Pandey,38,Home maker
409,6,Rohit,Srivastava,23,Student
410,6,Pooja,Tripathi,32,Service
411,6,Vijay,Chauhan,55,Retired
412,6,Anjali,Dubey,27,Business
413,6,Suresh,Agarwal,48,Service
414,6,Meena,Shukla,42,Home maker
415,6,Arjun,Rastogi,21,Student
416,6,Rekha,Bhatt,36,Service
417,6,Manish,Kapoor,60,Retired
418,6,Shalini,Joshi,29,Business
419,6,Deepak,Bansal,33,Service
420,6,Alok,Chaturvedi,26,Business
421,6,Sneha,Rastogi,34,Home maker
422,6,Vikram,Singh,47,Service
423,6,Pankaj,Tandon,52,Retired
424,6,Anjali,Saxena,23,Student
425,6,Ritu,Sharma,31,Service
426,6,Mohit,Verma,29,Business
427,6,Kavita,Gupta,37,Home maker
428,6,Rajesh,Yadav,49,Service
429,6,Nidhi,Mishra,24,Student
430,6,Sandeep,Tiwari,53,Retired
431,6,Preeti,Srivastava,28,Service
432,6,Ashok,Tripathi,45,Business
433,6,Meena,Chauhan,39,Home maker
434,6,Rohit,Dubey,22,Student
435,6,Shalini,Agarwal,33,Service
436,6,Vijay,Shukla,56,Retired
437,6,Ankit,Rastogi,27,Business
438,6,Sunita,Bhatt,41,Home maker
439,6,Deepak,Kapoor,30,Service
